TsvHttpData-1.0	
https://raw.githubusercontent.com/cd-public/books/main/pg1342.txt	757509
https://raw.githubusercontent.com/cd-public/books/main/pg13600.txt	511499
https://raw.githubusercontent.com/cd-public/books/main/pg19699.txt	1916626
https://raw.githubusercontent.com/cd-public/books/main/pg19846.txt	2085006
https://raw.githubusercontent.com/cd-public/books/main/pg27478.txt	1452445
https://raw.githubusercontent.com/cd-public/books/main/pg27479.txt	1571358
https://raw.githubusercontent.com/cd-public/books/main/pg27480.txt	1476617
https://raw.githubusercontent.com/cd-public/books/main/pg30073.txt	478316
https://raw.githubusercontent.com/cd-public/books/main/pg30685.txt	988539
https://raw.githubusercontent.com/cd-public/books/main/pg30935.txt	422771
https://raw.githubusercontent.com/cd-public/books/main/pg30976.txt	64382
https://raw.githubusercontent.com/cd-public/books/main/pg31156.txt	1157192
https://raw.githubusercontent.com/cd-public/books/main/pg31329.txt	1275111
https://raw.githubusercontent.com/cd-public/books/main/pg31447.txt	1148461
https://raw.githubusercontent.com/cd-public/books/main/pg31641.txt	1154044
https://raw.githubusercontent.com/cd-public/books/main/pg31793.txt	1085720
https://raw.githubusercontent.com/cd-public/books/main/pg31855.txt	1117232
https://raw.githubusercontent.com/cd-public/books/main/pg31950.txt	983457
https://raw.githubusercontent.com/cd-public/books/main/pg32063.txt	361523
https://raw.githubusercontent.com/cd-public/books/main/pg32097.txt	762682
https://raw.githubusercontent.com/cd-public/books/main/pg32182.txt	1049795
https://raw.githubusercontent.com/cd-public/books/main/pg32294.txt	556680
https://raw.githubusercontent.com/cd-public/books/main/pg32423.txt	1560274
https://raw.githubusercontent.com/cd-public/books/main/pg32607.txt	1174490
https://raw.githubusercontent.com/cd-public/books/main/pg32689.txt	903325
https://raw.githubusercontent.com/cd-public/books/main/pg32758.txt	1121501
https://raw.githubusercontent.com/cd-public/books/main/pg32783.txt	1157138
https://raw.githubusercontent.com/cd-public/books/main/pg32860.txt	1178142
https://raw.githubusercontent.com/cd-public/books/main/pg32940.txt	613164
https://raw.githubusercontent.com/cd-public/books/main/pg32975.txt	1086707
https://raw.githubusercontent.com/cd-public/books/main/pg33052.txt	1147211
https://raw.githubusercontent.com/cd-public/books/main/pg33127.txt	1060740
https://raw.githubusercontent.com/cd-public/books/main/pg33189.txt	1128592
https://raw.githubusercontent.com/cd-public/books/main/pg33239.txt	1492068
https://raw.githubusercontent.com/cd-public/books/main/pg33295.txt	937938
https://raw.githubusercontent.com/cd-public/books/main/pg33365.txt	934328
https://raw.githubusercontent.com/cd-public/books/main/pg33427.txt	993527
https://raw.githubusercontent.com/cd-public/books/main/pg33477.txt	64989
https://raw.githubusercontent.com/cd-public/books/main/pg33550.txt	1095618
https://raw.githubusercontent.com/cd-public/books/main/pg33614.txt	1102379
https://raw.githubusercontent.com/cd-public/books/main/pg33698.txt	1081254
https://raw.githubusercontent.com/cd-public/books/main/pg33750.txt	1184064
https://raw.githubusercontent.com/cd-public/books/main/pg33991.txt	67875
https://raw.githubusercontent.com/cd-public/books/main/pg34018.txt	1169299
https://raw.githubusercontent.com/cd-public/books/main/pg34047.txt	1168540
https://raw.githubusercontent.com/cd-public/books/main/pg34082.txt	1155675
https://raw.githubusercontent.com/cd-public/books/main/pg34116.txt	1209950
https://raw.githubusercontent.com/cd-public/books/main/pg34162.txt	1195749
https://raw.githubusercontent.com/cd-public/books/main/pg34209.txt	1301656
https://raw.githubusercontent.com/cd-public/books/main/pg34312.txt	1239959
https://raw.githubusercontent.com/cd-public/books/main/pg34405.txt	1118551
https://raw.githubusercontent.com/cd-public/books/main/pg34533.txt	1099001
https://raw.githubusercontent.com/cd-public/books/main/pg34612.txt	946244
https://raw.githubusercontent.com/cd-public/books/main/pg34702.txt	1360474
https://raw.githubusercontent.com/cd-public/books/main/pg34751.txt	1211494
https://raw.githubusercontent.com/cd-public/books/main/pg34878.txt	1053073
https://raw.githubusercontent.com/cd-public/books/main/pg34992.txt	1193915
https://raw.githubusercontent.com/cd-public/books/main/pg35092.txt	970733
https://raw.githubusercontent.com/cd-public/books/main/pg35169.txt	1520035
https://raw.githubusercontent.com/cd-public/books/main/pg35236.txt	1072420
https://raw.githubusercontent.com/cd-public/books/main/pg35306.txt	1110293
https://raw.githubusercontent.com/cd-public/books/main/pg35398.txt	1258202
https://raw.githubusercontent.com/cd-public/books/main/pg35473.txt	1087158
https://raw.githubusercontent.com/cd-public/books/main/pg35561.txt	1148956
https://raw.githubusercontent.com/cd-public/books/main/pg35606.txt	1082936
https://raw.githubusercontent.com/cd-public/books/main/pg35747.txt	1110899
https://raw.githubusercontent.com/cd-public/books/main/pg35925.txt	1103543
https://raw.githubusercontent.com/cd-public/books/main/pg36104.txt	1172631
https://raw.githubusercontent.com/cd-public/books/main/pg36226.txt	473173
https://raw.githubusercontent.com/cd-public/books/main/pg36452.txt	1159886
https://raw.githubusercontent.com/cd-public/books/main/pg36735.txt	1243012
https://raw.githubusercontent.com/cd-public/books/main/pg37064.txt	1234087
https://raw.githubusercontent.com/cd-public/books/main/pg37160.txt	1177951
https://raw.githubusercontent.com/cd-public/books/main/pg37282.txt	958858
https://raw.githubusercontent.com/cd-public/books/main/pg37461.txt	1351377
https://raw.githubusercontent.com/cd-public/books/main/pg37523.txt	1011988
https://raw.githubusercontent.com/cd-public/books/main/pg37610.txt	941038
https://raw.githubusercontent.com/cd-public/books/main/pg37736.txt	1283608
https://raw.githubusercontent.com/cd-public/books/main/pg37806.txt	1061196
https://raw.githubusercontent.com/cd-public/books/main/pg37880.txt	1222813
https://raw.githubusercontent.com/cd-public/books/main/pg37984.txt	1130077
https://raw.githubusercontent.com/cd-public/books/main/pg38143.txt	1107125
https://raw.githubusercontent.com/cd-public/books/main/pg38202.txt	1152379
https://raw.githubusercontent.com/cd-public/books/main/pg38304.txt	1172790
https://raw.githubusercontent.com/cd-public/books/main/pg38401.txt	996778
https://raw.githubusercontent.com/cd-public/books/main/pg38454.txt	959894
https://raw.githubusercontent.com/cd-public/books/main/pg38539.txt	1175593
https://raw.githubusercontent.com/cd-public/books/main/pg38622.txt	1101079
https://raw.githubusercontent.com/cd-public/books/main/pg38709.txt	1123274
https://raw.githubusercontent.com/cd-public/books/main/pg38799.txt	1175248
https://raw.githubusercontent.com/cd-public/books/main/pg38892.txt	1146449
https://raw.githubusercontent.com/cd-public/books/main/pg38964.txt	1055412
https://raw.githubusercontent.com/cd-public/books/main/pg39029.txt	1048293
https://raw.githubusercontent.com/cd-public/books/main/pg39127.txt	1092105
https://raw.githubusercontent.com/cd-public/books/main/pg39232.txt	1161475
https://raw.githubusercontent.com/cd-public/books/main/pg39353.txt	1190158
https://raw.githubusercontent.com/cd-public/books/main/pg39435.txt	1116161
https://raw.githubusercontent.com/cd-public/books/main/pg39521.txt	1157531
https://raw.githubusercontent.com/cd-public/books/main/pg39632.txt	1165362
https://raw.githubusercontent.com/cd-public/books/main/pg39700.txt	599017
https://raw.githubusercontent.com/cd-public/books/main/pg39775.txt	1086310
https://raw.githubusercontent.com/cd-public/books/main/pg39908.txt	1239294
https://raw.githubusercontent.com/cd-public/books/main/pg40009.txt	1106426
https://raw.githubusercontent.com/cd-public/books/main/pg40096.txt	1262237
https://raw.githubusercontent.com/cd-public/books/main/pg40156.txt	1177677
https://raw.githubusercontent.com/cd-public/books/main/pg40370.txt	1182377
https://raw.githubusercontent.com/cd-public/books/main/pg40538.txt	1001455
https://raw.githubusercontent.com/cd-public/books/main/pg40641.txt	1134369
https://raw.githubusercontent.com/cd-public/books/main/pg40769.txt	1126464
https://raw.githubusercontent.com/cd-public/books/main/pg40863.txt	1144572
https://raw.githubusercontent.com/cd-public/books/main/pg40956.txt	1127680
https://raw.githubusercontent.com/cd-public/books/main/pg41055.txt	1143162
https://raw.githubusercontent.com/cd-public/books/main/pg41156.txt	1135825
https://raw.githubusercontent.com/cd-public/books/main/pg41264.txt	1211806
https://raw.githubusercontent.com/cd-public/books/main/pg41343.txt	1166621
https://raw.githubusercontent.com/cd-public/books/main/pg41472.txt	1093065
https://raw.githubusercontent.com/cd-public/books/main/pg41567.txt	1199275
https://raw.githubusercontent.com/cd-public/books/main/pg41685.txt	1221392
https://raw.githubusercontent.com/cd-public/books/main/pg41773.txt	1126867
https://raw.githubusercontent.com/cd-public/books/main/pg41902.txt	1177640
https://raw.githubusercontent.com/cd-public/books/main/pg42048.txt	1160133
https://raw.githubusercontent.com/cd-public/books/main/pg42173.txt	1149037
https://raw.githubusercontent.com/cd-public/books/main/pg42342.txt	1204138
https://raw.githubusercontent.com/cd-public/books/main/pg42473.txt	1212234
https://raw.githubusercontent.com/cd-public/books/main/pg42552.txt	1212987
https://raw.githubusercontent.com/cd-public/books/main/pg42638.txt	1167495
https://raw.githubusercontent.com/cd-public/books/main/pg42736.txt	1163939
https://raw.githubusercontent.com/cd-public/books/main/pg42854.txt	1165019
https://raw.githubusercontent.com/cd-public/books/main/pg43060.txt	1279011
https://raw.githubusercontent.com/cd-public/books/main/pg43254.txt	1160466
https://raw.githubusercontent.com/cd-public/books/main/pg43427.txt	1245313
https://raw.githubusercontent.com/cd-public/books/main/pg768.txt	681151
https://raw.githubusercontent.com/cd-public/books/main/pg84.txt	441195
